pk,parent_pk,name_en,name_fr,acronym_en,acronym_fr,itap_contributor
010000,000000,Chief Financial Officer & Corporate Management Branch,Direction générale du dirigeant principal des finances et services intégrés de gestion,CFOCMB,DGPFSG,no
011000,010000,Corporate Management Directorate,Direction des services intégrés de gestion,CMD,DSIG,no
011010,011000,Business Innovation & Realignment Division,Division de l'innovation des opérations et de réalignement,BMIRD,DIOR,no
011020,011000,Corporate Services Planning Division,Division des services de gestion et planification,CSPD,DSGP,no
011030,011000,Director General's Office,Bureau du directeur général,DGO,BDG,no
011040,011000,Strategic IM/IT Planning,Planification stratégique de la GI/TI,SIP,PSI,no
012000,010000,Centre of Expertise,Centre d'expertise,CE,CE,no
012010,012000,Business Operations Division,,BOD,,no
012020,012000,Business Support Services Division,,BSSD,,no
013000,010000,Deputy Chief Financial Officer,Direction de l'adjoint au dirigeant principale des finances,DCFO,DADPF,no
013010,013000,Centre for Grants & Contributions Division,Centre de subventions et contributions,CGCD,CSC,no
013020,013000,"Financial, Analytics, & Client Service Division","Finances, analyses et services à  la clientèle",FACSD,FASC,no
013030,013000,Financial Management Advisory Services,Services de conseil en gestion,FMAS,SCG,no
013040,013000,Governance & Strategic Planning,Gouvernance et planification stratégique,GSP,GPS,no
013050,013000,Resource Management,Gestion des ressources,RM,GR,no
013060,013000,Resource Management & Analytics,Division de la gestion et de l'analyse des ressources,RMA,DGAR,no
020000,000000,Corporate Data & Surveillance Branch,Direction générale des données de gestion et de la surveillance,CDSB,DGDGS,yes
020010,020000,Vice Presidents Office,Bureau de vice-président,VPO,BVP,no
021000,020000,Centre for Corporate Surveillance Coordination,Centre de coordination de la surveillance des entreprises,CSC,CCSE,yes
021010,021000,Horizontal Surveillance Operations Division,Division des opérations de surveillance horizontale,HSO,DOSH,yes
021020,021000,Strategic Surveillance Policy & Governance Division,Division de la surveillance planification stratégique gouvernance,SSPG,SPSG,yes
022000,020000,"Centre for Data Management, Innovation & Analytics","Centre de gestion, d'innovation et d'analyse des données",DMIA,,yes
022010,022000,"Data Discovery, Acquisition, & Culture",,DDAC,,no
022011,022010,Data Discovery,,DD,,no
022012,022010,Intake & Acquisition,,IA,,no
022013,022010,People & Culture,,PC,,no
022020,022000,Data Enablement Division,Division de valorisation des données,DE,DVD,no
022021,022020,Operationalization & Networks,,ON,,no
022030,022000,Data Science,Division de la science des données,DS,DSD,yes
022031,022030,Data Analytics,,DA,,no
022032,022030,Data Coordination & Access Program,Programme d'accès et de coordination des données,DCAP,PACD,no
022033,022030,Data Impact,Impact des données,DI,ID,no
022034,022030,Data Integration,,DI,,no
022035,022030,Data Services,,DS,,no
022040,022000,"Data Strategy, Policy, & Governance Division","Division de stratégie, de la politique et de la gouvernance des données",SPG,DSPGD,no
022041,022040,Data Governance,Gouvernance des données,DG,,no
022042,022040,Data Policy & Ethics,,DPE,,no
022043,022040,Strategic Planning & Integration,,SPI,,no
022050,022000,Office of the Chief Data Officer,Bureau du dirigeant principal des données,OCDO,BDPD,no
023000,020000,Centre for Integrated Insights,Centre des connaissances intégrées,CII,CCI,yes
023010,023000,Behavioural Science Office,Bureau des sciences comportementales,BSO,BSC,yes
023020,023000,Public Health Intelligence & Knowledge Translation Division,Division de renseignements sur la santé publique et application des connaissances,PHIKT,DRSPAC,yes
024000,020000,Centre for Integrated Risk Assessment,Centre de l'évaluation intégrée des risques,CIRA,CEIR,yes
024001,024000,"Governance, Documentation & Continuous Improvement","Gouvernance, documentation et amélioration continue",DACI,GDAC,yes
024002,024000,Risk Assessment Methods & Foresight,Évaluation des risques méthodes et prospective,RAMF,ERMP,yes
024003,024000,Risk Assessment Operations Unit,Unité des opérations d’évaluation des risques,RAOU,UOER,yes
025000,020000,"Centre for Strategic Data Partnerships, Policy & Planning","Centre pour les partenariats stratégiques en matière de données, la politique et la planification",SD3P,PSMDPP,no
025010,025000,External Partnerships & Coordination Division,Division des partenariats externes et de la coordination,EPCD,DPEC,no
025020,025000,Strategic Policy & FPT Data Engagement,Politique stratégique et de l'engagement en faveur des données FPT,SPDE,PSEFD,no
030000,000000,Emergency Management Branch,Direction générale de la gestion des mesures d'urgence,EMB,DGGMU,no
031000,030000,Centre for Emergency Preparedness,Centre des mesures d'urgence,CEP,CMU,yes
031010,031000,"Emergency Management Plans, Exercises, and Continuous Improvement","Plans, exercices et amélioration continue de gestion des urgences",EMPECI,PEACGU,yes
031011,031010,Emergency Management Plans,Plans de gestion des urgences,EMP,PDGDU,yes
031012,031010,Emergency Management Exercises,Exercices de la gestion des urgences,EME,EDGDU,yes
031013,031010,Emergency Management Continuous Improvement,Amélioration continue de la gestion des urgences,EMCI,ACDGDU,yes
031020,031000,GPHIN Tiger Team (Global Public Health Intelligence Network),Réseau mondial d'information sur la santé publique l'équipe tigre,GPHIN TT,RMISP ET,yes
031021,031020,Outreach & Engagement,Sensibilisation et Engagement,OE,SE,yes
031022,031020,Training & Development Unit,Unité d'apprentissage et de perfectionnement,TDU,UAP,yes
031023,031020,Technical Team,Équipe techinque,TT,ET,yes
031030,031000,Office of Horizontal Policy & Governance,Bureau de la politique horizontale et de la gouvernance,OHPG,BPHG,yes
031031,031030,EPR Policy & Programs,Politiques et programmes sur les MIU,PP,PP,yes
031032,031030,Risk & Capability Assessment,Évaluation des risques et des capacités,RCA,ERC,yes
031033,031030,Stakeholder Engagement & Secretariats,Mobilisation des intervenants et secrétariats,MIS,SES,no
031034,031030,Special Projects,Projets spéciaux,SP,PS,yes
031040,031000,Office of Public Health Field Services & Training,Bureau des services de terrain et de la formation en santé publique,OPHFST,BSTFSP,no
031041,031040,Canadian Field Epidemiology Program,Programme canadien d’épidémiologie de terrain,CFEP,PCET,no
031042,031040,Canadian Public Health Service,Service de la santé publique du Canada,CPHS,SSPC,no
031043,031040,Training & Development Unit,Unité d'apprentissage et de perfectionnement,TDU,UAP,no
031050,031000,Public Health Security & Intelligence Division,Division du suivi de la couverture et de l’efficacité,PHSI,DSCE,yes
031051,031050,Global Public Health Intelligence Network,Réseau mondial d’information en santé publique,GPHIN,RMISP,yes
031052,031050,Public Health Intelligence Assessment,Évaluation des renseignements en matière de santé publique (ERSP),PHIA,ERSP,yes
031053,031050,National Security Policy and Integration,Politique de sécurité nationale et intégration (PSNI),NSPI,PSNI,yes
031054,031050,Intelligence Support Services,Services d'appui en matière de renseignement (SAMR),ISS,SAMR,yes
031060,031000,Regulatory Affairs & Quality Assurances,,RAQA,,no
032000,030000,Centre for Emergency Response,Centre d'intervention d'urgence,CER,CIU,yes
032010,032000,Public Health Response Operations,Gestion des opérations d’urgences en santé publique,PHRO,GOUSP,yes
032020,032000,Response Coordination,Coordination de la réponse,RC,CR,yes
032021,032020,Health Portfolio Operations Centre,Centre des opérations du portefeuille de la santé,HPOC,COPS,yes
032030,032000,Response Support & Horizontal Integration,Soutien aux interventions d'urgence et intégration horizontale,RSHI,SIUIH,yes
033000,030000,National Emergency Strategic Stockpile,Réserve nationale stratégique d’urgence,NESS,RNSU,yes
033010,033000,Logistics & Warehouse Operations,Logistique et opérations d'entrepôt,LogOps,LogOps,no
033011,033010,Logistics,Logistiques,Logistics,,no
033012,033010,Operations,Opérations,OPS,OPS,no
033020,033000,Medical Capability Development,Développement de la capacité médicale,MCD,DCM,yes
033021,033020,Biomedical Devices Unit,Unité des instruments biomédicaux,Biomed,Bioméd,yes
033022,033020,Medical Countermeasures Unit,Unité contre-mesures médicales,MCM,CMM,yes
033023,033020,Personal Protective Equipment Program Policy,Politique du programme d’ÉPI,PPE,EPI,yes
033030,033000,"NESS Policy, Data Solutions & Quality Management","Politique de la RNSU, solutions de données et gestion de la qualité",PDSQM,,no
033031,033030,"Office of Data Analytics, Information Systems, & Distribution","Bureau de l'analyse des données, des systèmes d'information et de distribution",Data,Données,no
033032,033030,"Policy, Engagement & Transformation","Politique, fiançailles et transformation",PET,PFT,no
033033,033030,Regulatory Affairs & Quality Management,Affaires réglementaires et gestion de la qualité,RAQM,ARGQ,no
034000,030000,Business Operations,Opérations des affaires,BO,OA,no
040000,000000,Health Promotion & Chronic Disease Prevention Branch,Direction générale de la promotion de la santé et de la prévention des maladies chroniques,HPCDPB,DGPPMC,no
041000,040000,Centre for Chronic Disease Prevention & Health Equity,Centre de prévention des maladies chroniques et de l'equité en santé,CCDPHE,CPMCES,yes
041010,041000,Global Health & Guidelines Division,Division de la santé mondiale et des lignes directrices,GHGD,DSMLD,yes
041011,041010,Global Health,Santé mondiale,GHGD,SM,yes
041012,041010,Guidelines,Des lignes directrices,Guidelines,LD,yes
041020,041000,Policy & Engagement Division,Division des politiques et de l'engagement,PED,DPE,yes
041021,041020,FPT Engagement,FPT et engagement,FPTE,FPTE,yes
041022,041020,Policy,Politiques,Policy,,yes
041030,041000,Program & Performance Division,Division des programmes et rendement,PPD,DRP,no
041031,041030,Prizes & Challenges,Prix et défis,PC,PD,no
041032,041030,Program Operations,Opérations du programme,PO,PO,no
041033,041030,Program Performance,Rendement du programme,PP,RP,no
041034,041030,Program Policy,Politique de programme,PP,PP,no
041040,041000,Social Determinants of Health Division,Division des déterminants sociaux de la santé,SDHD,DDSS,yes
041041,041040,Intersectoral Action Fund,Fonds d'action intersectorielle,IAF,FAI,yes
041042,041040,Mental Health of Black Canadians,Santé mentale des communautés noirs,MHBC,SMCN,yes
042000,040000,Centre for Health Promotion,Centre pour la promotion de la santé,CHP,CPS,yes
042010,042000,"Divison of Aging, Seniors & Dementia","Division du vieillissement, des aînés et de la démence",DASD,DVAD,yes
042011,042010,Aging & Seniors,,AS,,yes
042012,042010,Dementia Community Investment,,DCI,,yes
042013,042010,Dementia Policy,,DP,,yes
042014,042010,"Performance, Governance & Operations",,PGO,,yes
042020,042000,Division of Children & Youth,Devision de l'enfance et de la jeunesse,DCY,DEJ,yes
042021,042020,Aboriginal Head Start in Urban & Northern Communities,,AHSUNC,,yes
042022,042020,Integrated Program Management,,IPM,,yes
042023,042020,Maternal & Child Health Canada,,MCHC,,yes
042024,042020,Neonatal Abstinence Syndrome & Autism Spectrum Disorder,,NASASD,,yes
042025,042020,Youth Policy & Partnerships,,YPP,,yes
043000,040000,Centre for Mental Health & Wellbeing,Centre de la santé mentale et du bien-être,CMHW,CSMB,yes
043010,043000,Mental Health Promotion & Well-being Division,Division de la promotion de la santé mentale et du bien-être,MHPW,SMBE,yes
043011,043010,Mental Health Promotion Unit,Unité de la promotion de la santé mentale,MHPU,UPSM,yes
043012,043010,Mental Health Promotion & Innovation Fund,Fonds d'innovation pour la promotion de la santé mentale,MHP-IF,FI-PSM,no
043013,043010,Prevention of Substance-Related Harms,Prévention des méfaits liés à la consommation de substances,PSRH,PMLCS,yes
043020,043000,Prevention Division,Division de la prévention,PD,DP,yes
043021,043020,Family & Gender-Based Violence Prevention Policy Unit,Unité des politiques de prévention de la violence familiale et de la violence fondée sue le sexe,FGBV Policy,VFVFS-Politique,yes
043022,043020,Family & Gender-Based Violence Prevention Program Unit,Unité des programmes de prévention de la violence familiale et de la violence fondée sue le sexe,FGBV Program,Programme VFVFS,yes
043023,043020,COVID-19 Mental Health Secretariat,Le secrétariat COVID-19 pour la santé mentale,CMHS,SCSM,yes
043030,043000,Suicide Prevention Division,Division de la prévention du suicide,SPD,DPS,yes
043031,043030,Suicide Prevention Policy Unit,Unité des politiques de la prévention du suicide,SP Policy,Politiques PS,yes
043032,043030,Suicide Prevention Program Unit,Unité du programme de prévention du suicide,SP Program,Programme PS,yes
044000,040000,Centre for Surveillance & Applied Research,Centre de surveillance et de recherche appliquée,CSAR,CSRA,yes
044010,044000,Applied Research Division,Division de la recherche appliquée,ARD,DRA,yes
044011,044010,Analysis & Modelling Unit,Unité d'analyse et de la modélisation,AMU,USM,yes
044012,044010,HPCDP Journal,Journal PSPMC,HPCDPJ,JPSPMC,no
044013,044010,Population Health Modeling,Modélisation de la santé de la population,PHM,MSP,yes
044014,044010,Science Policy & Evidence Synthesis,Unité des politiques scientifiques et de la synthèse des données probantes,SPES,UPSSDP,yes
044020,044000,"Behaviours, Environments & Lifespan Division","Division des comportements, des environnements et de la longévité",BELD,DCEL,yes
044021,044020,Family Violence Surveillance Team,L’équipe de surveillance de la violence familiale,FVST,ESVF,yes
044022,044020,Injury & Suicide Surveillance Team,L’équipe de surveillance des blessures et suicide,ISST,ESBS,yes
044023,044020,Positive Mental Health & Healthy Living Surveillance Team,L’équipe de surveillance santé mentale positive et modes de vie saine,PMHST,ESSMPMV,yes
044030,044000,Business Coordination Team,Équipe de coordination des activités,BCT,ECA,no
044040,044000,Collaboration on Data Integration & Development,Collaboration sur l’intégration et le développement de données,CDID,CIDD,yes
044041,044040,Chief Coroners & Chief Medical Examiners - Public Health Collaborative,Collectif de santé publique et des coroners et médecins légistes en chef,CCCMEPHC,CSPDMLC,yes
044042,044040,Horizontal Surveillance Integration,Integration de surveillance horizontale,HSI,ISH,yes
044050,044000,Lifespan Chronic Diseases & Conditions Division,Division des maladies et affections chroniques au cours de la vie,LCDC,CMACV,yes
044051,044050,Canadian Chronic Disease Surveillance System Secretariat,Secrétariat du système Canadien de surveillance des maladies chronique,CCDSSS,SSCSMC,yes
044052,044050,"Cancer, Publication & Special Projects Unit","Unité du cancer, des publications et des projets spéciaux",CPSPU,UCPPS,yes
044053,044050,Child & Youth Health Unit,Unité de la santé des enfants et des jeunes,CYHU,USEJ,yes
044054,044050,Developmental Disorders Surveillance,Surveillance des troubles du développement,DDS,STD,yes
044055,044050,Maternal & Infant Health Unit,Unité de la santé des mères et des nourrissons,MIHU,USMN,yes
044056,044050,Mental Illness & Neurological Conditions Unit,Unité des maladies mentales et des troubles neurologiques,MINCU,UMMTN,yes
044057,044050,Non-Communicable Disease Unit,Unité des maladies non transmissibles,NCDU,UMNT,yes
044060,044000,"Policy, Planning & Reporting Team","Équipe des politiques, de la planification et de la présentation des rapports",PPRT,EPPPR,no
044061,044060,Performance Measurements & Grants & Contributions,Rendement du programme & subventions & contributions,PMGC,RPSC,no
044062,044060,"Policy, Planning & Reporting","Politiques, planification & présentation des rapports",PPR,PPPR,no
044070,044000,Substance-Related Harms Division,Division des méfait liés aux substances,SRHD,DMLS,yes
044071,044070,Integrated Data & Enhanced Surveillance Unit,Unité des données intégrées et du renforcement de la surveillance,IDESU,UDIRS,yes
044072,044070,Interjurisdictional Capacity Building Unit,Renforcement des capacités interjuridiques,ICBU,RCI,yes
044073,044070,Special Studies Unit,Unité des études spéciales,SSU,UES,yes
044074,044070,Strategy & Coordination Unit,Unité de stratégie et coordination,SCU,USC,yes
044075,044070,Substance-Related Overdose & Mortality Surveillance Unit,La surveillance des surdoses et décès liés aux drogues,SROMSU,SSDLD,yes
044080,044000,Surveillance Systems & Data Management Division,Division des systèmes de surveillance et de la gestion des données,SSDMD,DSSGD,yes
044081,044080,Data Acquisition Unit,Unité de l’acquisition de données,DAU,UAD,yes
044082,044080,Data Management F/P/T Unit,Unité de la gestion des données FPT,DMFPTU,UGDFPT,yes
044083,044080,Data Management Hospitals Unit,Unité de la gestion des données des hôpitaux,DMHU,USDH,yes
044084,044080,Infobase Service & Development Unit,Unité de service et de développement de l’Infobase,ISDU,USDI,no
050000,000000,Health Security & Regional Operations Branch,Direction générale de la sécurité sanitaire et des opérations régionales,HSROB,DGSSOR,no
052000,050000,Centre for Biosecurity,Centre de la biosûreté,CB,CB,yes
052010,052000,Director General's Office,Bureau de la directrice générale,DGO,BDG,no
052011,052010,Corporate Support Team,,CST,,no
052012,052010,Planning & Reporting Team,,PRT,,no
052013,052010,Policy Development & Support Unit,,PDSU,,no
052020,052000,Office of Biosafety Programs & Planning,Bureau des programmes et de la planification en biosécurité,OBPP,BPPB,yes
052021,052020,Biosafety Learning & Knowledge,,BLK,,yes
052022,052020,Biosafety Risk Assessment,,BRA,,yes
052023,052020,Biosafety Standards & Guidelines,,BSG,,yes
052024,052020,Emerging Technologies,,ET,,yes
052025,052020,International Expert Group of Biosafety & Biosecurity Regulators,,IEGBBR,,yes
052026,052020,Laboratory Incident Notification Canada,Déclaration des incidents en laboratoire au Canada,LINC,DILC,yes
052030,052000,Office of Biosafety & Biocontainment Operations,Bureau des opérations de biosécurité et de bioconfinement,OBBO,BOBB,no
052031,052030,Engineering Science & Support,,ESS,,no
052032,052030,Inspection,,Inspection,,no
052033,052030,Licensing Program,,LP,,no
052040,052000,Office of Pathogens Security,Bureau de la sécurité des pathogènes,OPS,BSP,no
052041,052040,Biosecurity Systems Integration,,BSI,,no
052042,052040,Laboratory Biosecurity,,LB,,no
052043,052040,Pathogen Control Partnerships,,PCP,,no
052050,052000,Office of Stakeholder Engagement & Regulatory Affairs,Bureau de la mobilisation des intervenants et des affaires réglementaires,OSERA,BMIAR,no
052051,052050,Bio-Regulatory Affiars,,BRA,,
052052,052050,Business Operations Human Resource & Finance Administration,,BOHRFA,,no
052053,052050,Litigation Team,,LT,,no
052054,052050,"Planning, Performance & Reporting",,PPR,,no
052055,052050,Policy Outreach,,PO,,no
052056,052050,Regulatory Affairs Policy,,RAP,,
052057,052050,Stakeholder Engagement,,SE,,no
053000,050000,Centre for Border & Travel Health,Centre pour la santé aux frontiéres et aux voyageurs,CBTH,CSFV,yes
053100,053000,Border Program Policy,Programme des politiques frontalières,BPP,PFF,yes
053200,053000,Conveyances,Moyens de transport,CONV,MT,yes
053300,053000,Office of Travel Health,Bureau de santé aux voyageurs,OTH,BSV,yes
053400,053000,Strategic Border Policy & Planning,Politique frontalière stratégique et planification,SBPP,PFS,yes
054000,050000,Centre for Compliance & Enforcement,Centre de conformité et application de la loi,CCE,CCAL,no
054010,054000,Compliance & Enforcement Policy,Politique de conformité et d'application de la loi,CEP,PCAL,no
054020,054010,Disclosure Unit,Unité sur la divulgation,DU,UD,no
054030,054010,Electronic Traveler Health Information Project,Projet d’information électroniques sur la santé des voyageurs,eTHI,IESV,no
054040,054010,Human Pathogens & Toxins Act Unit,Unité de la Loi sur les agents pathogènes humains et les toxines,HPTA,LAPHT,no
054050,054010,Program Management Support,Soutien à la gestion du programme,PMS,SGP,no
054060,054010,Quarantine Case Management System,Système de gestion des cas de quarantaine,QCMS,SGAQ,no
055000,050000,Regional Operations,Opérations régionales,RO,OR,yes
055010,055000,Atlantic Region,Région de l'Atlantique,ATL,ATL,yes
055011,055010,Emergency Preparedness & Response,Mesures et interventions d’urgence,EPR,MIU,yes
055012,055010,"Policy, Planning & Intergovernmental Affairs","Politiques, planification et affaires intergouvernementales",PPIA,PPAI,yes
055013,055010,Public & Travel Health,Santé publique et voyage,PTH,SPV,yes
055014,055010,Public Health Capacity & Knowledge Management,Capacité en santé publique et gestion du savoir,PHCKM,CSPGS,yes
055015,055010,Public Health Programs Unit,Unité des programmes de santé publique,PHPU,UPSP,yes
055016,055010,Travelling Public Program,Programme du public voyageur,TPP,PPV,yes
055020,055000,Border Program & Planning,Programme et planification frontalière,BPP,PPF,yes
055030,055000,Central Notification System,Système de notification centrale,CNS,SNC,yes
055040,055000,Manitoba & Saskatchewan Region,Région du Manitoba et de la Saskatchewan,MB-SK,M-S,yes
055041,055040,Emergency Preparedness & Response,Mesures et interventions d’urgence,EPR,MIU,yes
055042,055040,"Policy, Planning & Intergovernmental Affairs","Politiques, planification et affaires intergouvernementales",PPIA,PPAI,yes
055043,055040,Public & Travel Health,Santé publique et voyage,PTH,SPV,yes
055044,055040,Public Health Capacity & Knowledge Management,Capacité en santé publique et gestion du savoir,PHCKM,CSPGS,yes
055045,055040,Public Health Programs Unit,Unité des programmes de santé publique,PHPU,UPSP,yes
055046,055040,Travelling Public Program,Programme du public voyageur,TPP,PPV,yes
055050,055000,Northern Region,Région du nord,NR,RN,yes
055051,055050,Emergency Preparedness & Response,Mesures et interventions d’urgence,EPR,MIU,yes
055052,055050,"Policy, Planning & Intergovernmental Affairs","Politiques, planification et affaires intergouvernementales",PPIA,PPAI,yes
055053,055050,Public & Travel Health,Santé publique et voyage,PTH,SPV,yes
055054,055050,Public Health Capacity & Knowledge Management,Capacité en santé publique et gestion du savoir,PHCKM,CSPGS,yes
055055,055050,Public Health Programs Unit,Unité des programmes de santé publique,PHPU,UPSP,yes
055056,055050,Travelling Public Program,Programme du public voyageur,TPP,PPV,yes
055060,055000,Ontario Region,Région de l'Ontario,ONT,ONT,yes
055061,055060,Emergency Preparedness & Response,Mesures et interventions d’urgence,EPR,MIU,yes
055062,055060,"Policy, Planning & Intergovernmental Affairs","Politiques, planification et affaires intergouvernementales",PPIA,PPAI,yes
055063,055060,Public & Travel Health,Santé publique et voyage,PTH,SPV,yes
055064,055060,Public Health Capacity & Knowledge Management,Capacité en santé publique et gestion du savoir,PHCKM,CSPGS,yes
055065,055060,Public Health Programs Unit,Unité des programmes de santé publique,PHPU,UPSP,yes
055066,055060,Travelling Public Program,Programme du public voyageur,TPP,PPV,yes
055070,055000,Quebec Region,Région du Québec,QUE,QUÉ,yes
055071,055070,Emergency Preparedness & Response,Mesures et interventions d’urgence,EPR,MIU,yes
055072,055070,"Policy, Planning & Intergovernmental Affairs","Politiques, planification et affaires intergouvernementales",PPIA,PPAI,yes
055073,055070,Public & Travel Health,Santé publique et voyage,PTH,SPV,yes
055074,055070,Public Health Capacity & Knowledge Management,Capacité en santé publique et gestion du savoir,PHCKM,CSPGS,yes
055075,055070,Public Health Programs Unit,Unité des programmes de santé publique,PHPU,UPSP,yes
055076,055070,Travelling Public Program,Programme du public voyageur,TPP,PPV,yes
055080,055000,Western Region,Région de l’ouest,WR,RO,yes
055081,055080,Emergency Preparedness & Response,Mesures et interventions d’urgence,EPR,MIU,yes
055082,055080,"Policy, Planning & Intergovernmental Affairs","Politiques, planification et affaires intergouvernementales",PPIA,PPAI,yes
055083,055080,Public & Travel Health,Santé publique et voyage,PTH,SPV,yes
055084,055080,Public Health Capacity & Knowledge Management,Capacité en santé publique et gestion du savoir,PHCKM,CSPGS,yes
055085,055080,Public Health Programs Unit,Unité des programmes de santé publique,PHPU,UPSP,yes
055086,055080,Travelling Public Program,Programme du public voyageur,TPP,PPV,yes
056000,050000,Special Projects,Projets spéciaux,SP,PS,yes
056010,056000,Border Implementation Task Force,Groupe de travail sur la mise en ôuvre de mesures frontalières,BITF,GTMMF,yes
056020,056000,Compliance & Enforcement,Conformité et application,C&E,CA,no
056030,056000,Emergency Orders & Exemption Review,Ordonnances d'urgence et examen des demandes d'exemptions,EOER,OUEDE,yes
057000,050000,Testing Directorate,Direction des tests,TD,DT,yes
060000,000000,Infectious Diseases & Vaccination Programs Branch,Direction générale des maladies infectieuses et des programmes de vaccination,IDVPB,DGMIPV,no
061000,060000,Antimicrobial Resistance Task Force,Groupe de travail sur la résistance aux antimicrobiens,AMRTF,GRTRAM,yes
061010,061000,Policy & Engagement,Politique et mobilisation,PE,PM,yes
061011,061010,Economics & Research,,ER,,yes
061012,061010,FPT & Indigenous Engagement,,FPTIE,,yes
061013,061010,International Engagement,,IE,,yes
061014,061010,Policy & Planning,,PP,,yes
061020,061000,Stewardship Initiatives,Initiatives d'intendance,SI,II,no
061021,061020,Stewardship,,,,no
061030,061000,Surveillance Integration & Transformation,Division de l'intégration de la transformation de la surveillance,SIT,ITS,yes
061031,061030,Antimicrobial Use Surveillance,,AMUS,,yes
061032,061030,Surveillance Integration,,SIT,,yes
061033,061030,Surveillance Transformation,,ST,,yes
062000,060000,Centre for Communicable Diseases & Infection Control,Centre de la lutte contre contre les maladies transmissibles et les infections,CCDIC,CLCMTI,yes
062010,062000,Infection Prevention & Surveillance Division,Direction générale de la prévention et du contrôle des maladies infectieuses,IPSD,DGPCMI,yes
062011,062010,Canadian Nosocomial Infection Surveillance Program,Programme canadien de surveillance des infections nosocomiales,CNISP,PCSIN,yes
062012,062010,Health Care Associated Infection Prevention & Control,Prévention et contrôle des infections associées aux soins de la santé,HAIPC,PCIAS,yes
062013,062010,Tuberculosis Policy,Politique de lutte contre la tuberculose,TB,,yes
062014,062010,Tuberculosis Surveillance,,TS,,yes
062020,062000,Programs & Parterships Division,Division des programmes et des partenariats,PPD,DPP,yes
062021,062020,Community Programs Section,Section des Programmes Communautaires,CPS,,yes
062022,062020,Population & Health Determinants Section,Section des population et déterminants de la santé,POLICY,SPD,yes
062023,062020,Strategic Engagement & Data Analysis Section,Engagement stratégique et analyse des données,SEDA,ESAD,yes
062030,062000,Sexually Transmitted & Blood-borne Infections Surveillance Division,Division de la surveillance des infections transmissibles sexuellement et par le sang,STBBI-SD,ITSS,yes
062031,062030,Blood & Transplantation Adverse Events Surveillance Section,Section de la surveillance de la sécurité transfusionnelle et de la transplantation,BTSS,,yes
062032,062030,HIV & Hepatitis C Enhanced Surveillance (TRACKS) Section,Équipe de la surveillance rehaussée du VIH et de l’hépatite C,TRACKS,,yes
062033,062030,HIV & Notifiable Diseases Section,Section de surveillance du VIH et des maladies à déclaration obligatoire,HaNDS,,yes
062034,062030,Risk Assessment & Response Unit,Unité de l’évaluation des risques et de l’intervention,RARU,UERI,yes
062035,062030,STBBI Estimates & Field Surveillance Section,Section des estimations des ITSS et de la surveillance sur le terrain,ESTIMATES,,yes
062036,062030,STBBI Guidance for Health Professionals Guidelines Section,Lignes directrices ITSS pour les professionnels de la santé,GUIDANCE,,yes
062037,062030,STI & Hepatitis Surveillance Section,Section des ITS et des hépatites,STI-Hep,,yes
062040,062000,Strategic Issues & Integrated Management Division,Division de l'enjeux stratégiques et gestion intégrée,SIIMD,DESGI,yes
063000,060000,Centre for Food-borne Environmental & Zoonotic Infectious Diseases,"Centre des maladies infectieuses d'origine alimentaire, environnementale et zoonotique",CFEZID,CMIOAEZ,yes
063010,063000,Food-borne Disease & Antimicrobial Resistance Surveillance Division,Division des maladies alimentaire et de la surveillance de la résistance aux antimicrobiens,FDASD,DSMARAM,yes
063011,063010,Canadian Integrated Program for Antimicrobial Resistance Surveillance,Programme intégré canadien de surveillance de la résistance aux antimicrobiens,CIPARS,PICRA,yes
063012,063010,Director's Office,Bureau du directeur,DO,BD,no
063013,063010,Enhanced National Listeriosis Surveillance Program,Programme national de surveillance accrue de la listériose,ENLSP,PNSAL,yes
063014,063010,FoodNet Canada,Réseau aliments Canada,FNC,RAC,yes
063015,063010,National Enteric Surveillance Program,Programme national de surveillance des maladies entériques,NESP,PNSME,yes
063016,063010,Population Health Studies,Les études sur la santé de la population,PHS,ESP,yes
063020,063000,Outbreak Management Division,Division de la gestion des éclosions,OMD,DGE,yes
063021,063020,"Analytics, Improvement & Development Team","L'équipe d'analyse, d'amélioration et de développement",AID,AADE,yes
063022,063020,Assessment & Detection Team,L’équipe d'évaluation et de détection des éclosions,ADT,EEDE,yes
063023,063020,Director's Office,Bureau du directeur,DO,BD,no
063024,063020,Outbreak Response Team,L'équipe de réponse aux éclosions,ORT,ERE,yes
063030,063000,Policy Integration & Zoonoses Division,Division d'intégration des politiques et zoonoses,PIZD,DIPZ,yes
063031,063030,Director's Office,Bureau du directeur,DO,BD,no
063032,063030,Domestic & International Zoonoses Team,Équipe national et international des zoonoses,DIZT,ENIZ,yes
063033,063030,Domestic Vector-Borne Diseases Technical Team,Équipe technique sur les maladies a vecteur domestique,DVBDTT,ETMVD,yes
063034,063030,Health Professionals Guidance Unit,Unité d'orientation des professionnels de la santé,HPGU,UOPS,no
063035,063030,Infectious Disease & Climate Change Program Implementation Team,Équipe Programme maladies infectieuses et de changements climatiques,IDCCPIT,EPMICC,yes
063036,063030,Tick-Borne Disease Policy Team,Équipe de politique sur les maladies transmises par les tiques,TBDPT,EPMTT,yes
063037,063030,Zoonoses & Horizontal Policy Team,Équipe de politique horizontale et de zoonoses,ZHPT,EPHZ,yes
063040,063000,Prion Diseases Division,Division des maladies à prions,PDD,DMP,yes
063041,063040,Creutzfeldt-Jakob Disease Surveillance Team,Équipe du système de surveillance de la maladie du Creutzfeldt-Jakob,CJDS,SSMIC,yes
063042,063040,Prion Policy & Program Modernization Team,Équipe de modernisation des politiques et des programmes Prions,PPPMT,MPPP,yes
064000,060000,Centre for Emerging & Respiratory Infections & Pandemic Preparedness,Centre des infections émergentes et respiratoires et de la préparation aux pandémies,CERIPP,CIERPP,yes
064010,064000,Director General’s Office,Bureau de la directrice exécutive,DGO,BDE,no
064011,064010,Business Operations,Opérations,BO,,no
064012,064010,Policy,Politique,Policy,,no
064013,064010,Strategic Planning & Performance,Planification stratégique et rendement,SPP,,no
064020,064000,Public Health Measures Guidance Division,Division de l’orientation des measures de santé publique,PHMGD,DOMSP,yes
064021,064020,Executice Director’s Office,Bureau du directrice exécutive,EDO,BDE,no
064022,064020,Knowledge Creation & Synthesis,Création et synthèse des connaissances,KCS,CSC,yes
064023,064020,Knowledge Translation & Mobilization,Application et mobilisation des connaissances,KTM,AMC,yes
064024,064020,Policy & International Engagement,Politiques et engagement international,PIE,PEI,yes
064030,064000,Surveillance & Epidemiology Division,Division de la surveillance et de l'épidémiologie,SED,DES,yes
064031,064030,COVID-19 Epidemiology & Surveillance,Épidémiologie et surveillance de la COVID-19,CES,ESC,yes
064032,064030,Data Integration,Intégration de données,DI,ID,yes
064033,064030,Director’s Office,Bureau de la directrice,DO,BD,no
064034,064030,Influenza & Emerging Respiratory Infections Section,Section de la grippe et des infections respiratoires émergentes,IERIS,SGIRE,yes
064035,064030,Program Planning & Operations,Planification de programme et opérations,PPO,PPO,yes
064036,064030,Vaccine Preventable Diseases,Maladies évitables par la vaccination,VPD,MEV,yes
065000,060000,Centre for Immunization Readiness,Centre de préparation à l’immunisation,CIR,CPI,yes
065010,065000,Biomanufacturing & Pandemic Vaccine & Immunization Policy,"Biofabrication, politique de vaccination en cas de pandémie",BPVIP,BPVPI,yes
065011,065010,Biomanufacturing & Immunization Research Policy,,PVSP,,yes
065012,065010,"Immunization Policy, Planning & Coordination",,BIRP,,yes
065013,065010,Pandemic Vaccine Strategy & Policy,,IPPC,,yes
065020,065000,Immunization Programs,Programmes de vaccination,IP,VP,yes
065021,065020,NACI Secretariat,,NACI,,yes
065022,065020,Vaccine Supply & Assurance,Approvisionnement en vaccins et assurance,VSA,AVA,yes
065030,065000,Policy Operations,,PO,,no
065040,065000,Sero-Surveillance,,SS,,yes
065050,065000,Vaccine Confidence,Confiance Vaccinale,VC,CV,yes
065051,065050,Allocation & Sequencing & Guidance,,ASG,,yes
065052,065050,"CIC, Policy & Issues Management",,CPIM,,no
065053,065050,Vaccine Science,,VS,,no
065060,065000,Vaccine Injury Support Program,,VISP,,no
065070,065000,Vaccine Logistics & Operations,Logistiques et distribution des vaccins,VLO,LDV,yes
065071,065070,Immunization Partnership Fund,Fonds de partenariat pour la vaccination FPV,IPF,,no
065072,065070,Vaccine Confidence Policy,Politique de confiance vaccinale,VCP,PCV,yes
065073,065070,Vaccine Promotion,Promotion des vaccins,VP,PV,yes
066000,060000,Centre for Immunization Surveillance,Centre de surveillance de l'immunisation,CIS,CSI,yes
066010,066000,"Biomanufacturing, Pandemic Vaccine & Immunization Policy","Politique d'intégration de biofabrication, de vaccin pandémique et d'immunisation",BPVIP,,yes
066020,066000,Immunization Program Division,Division du programme d'immunisation,IPD,,yes
066030,066000,Policy & Coordination,Politiques et coordination,PC,PC,yes
066031,066030,Vaccine Surveillance Correspondence,Correspondance de la surveillance des vaccins,VSC,CSV,yes
066032,066030,Vaccine Surveillance Policy & Coordination,Politiques et coordination de la surveillance des vaccins,VSPC,PCVS,yes
066040,066000,Vaccine Confidence,Confiance à l'égard des vaccins,VC,,yes
066050,066000,Vaccine Coverage & Effectiveness Surveillance,Surveillance de la couverture et de l’efficacité de la vaccination,VCES,SCEV,yes
066051,066050,Childhood & Adult Vaccine Coverage,Surveillance de la couverture vaccinale infantile et des adultes,CAVC,SCVIA,yes
066052,066050,COVID-19 Vaccine Effectiveness Surveillance Program,Programme de surveillance de l’efficacité vaccinale,VESP,PSEV,yes
066053,066050,Vaccination Coverage & Information Systems,Couverture vaccinales et systèmes d’information,VCIS,CVSI,yes
066054,066050,Vaccine Coverage & Initiatives,Couverture surveillance et initiatives,VCI,CSI,yes
066060,066000,Vaccine Injury Support Program,Programme de soutien aux victimes d'une vaccination,VISP,,no
066070,066000,Vaccine Safety Surveillance,Surveillance de la sécurité des vaccins,VSS,SSV,yes
066071,066070,"Analysis, Reporting & Signal Detection Team","Analyse, détection de signaux et rapport",ARSD,ADSR,yes
066072,066070,FPT Relations & Intelligence Integration Team,Relations FPT et intégration du renseignement,FRITT,RFIR,yes
066073,066070,IM/IT Database Team,Systèmes de GI/TI,IMITD,SGITI,no
066074,066070,Medical & Applied Epidemiology Team,Médecine et épidémiologie appliquée,MAE,MEA,yes
070000,000000,National Microbiology Laboratory Branch,Direction générale du laboratoire national de microbiologie,NMLB,DGLNM,no
071000,070000,Medical & Scientific Affairs,Affaires medicales et scientifique,MSA,AMS,yes
071010,071000,Genomic Surveillance Systems,Systèmes de surveillance génomique,GSS,SSG,yes
071011,071010,Canadian Public Health Laboratory Network COVID Genomics Program,,CPHLNCGP,,yes
071020,071000,Medical Specialist Therapeutics & Countermeasures,,MSPC,,yes
071030,071000,National & International Laboratory Engagement,Engagement des laboratoires nationaux et internationaux,NILE,ELNI,no
071040,071000,Program Services & Support,Services et appui aux programmes,PSS,SAP,no
071050,071000,Public Health Genomics,Génomique de la santé publique,PHG,GSP,yes
071051,071050,Syphilis Diagnostics & Vaccine Preventable Bacterial Diseases,,SDVPBD,,yes
071060,071000,Public Health Lab Networks,,PHLN,,no
071070,071000,Quality Office,Bureau de la qualité,QO,BQ,no
071071,071070,Biorepository,,BR,,no
071080,071000,Research & Innovation,Recherche et innovation,RI,RI,yes
071090,071000,Research Office,,RO,,yes
071100,071000,Science Policy & Priorities,Politique et priorités scientifiques,SPP,PPS,yes
071101,071100,Horizontal Policy,,HP,,yes
071102,071100,Science Planning & Reporting,,SPR,,yes
071103,071100,Strategic Policy,,SP,,yes
071110,071000,Therapeutics & Countermeasures,Médecin spécialiste en thérapeutique et contre-mesures,TCM,MSTCM,yes
071111,071110,Monoclonal Antibodies,,MA,,yes
071112,071110,National Reference Centre Mycrobacteriology,,NRCM,,yes
071113,071110,Veterinary Technical Services,,VTS,,yes
072000,070000,Scientific Operations & Response,Opérations et interventions scientifiques,SOR,OIS,yes
072010,072000,Biorisk & Occupational Safety Services,Biorisque et sécurité au travail,BOSS,BST,yes
072011,072010,Applied Biosafety Research,,ABR,,yes
072012,072010,Occupational Health Unit,,OHU,,yes
072020,072000,Border Testing,Tests à la frontalière,BT,TF,yes
072030,072000,Canadian Network for Public Health Intelligence,Réseau canadien de renseignements sur la santé publique,CNPHI,RCRSP,yes
072040,072000,Health Security & Response,Division de la sécurité et l’intervention de la santé,HSR,SIS,yes
072041,072040,Bioforensics Assay Development & Diagnostics,Élaboration d’épreuve et diagnostic microbiologie médicolégale,BADD,EEDMM,yes
072042,072040,Emergency Operations & Response,Opérations et intervention d'urgence,EOR,OIU,yes
072043,072040,"Influenza, Respitory Viruses, & Coronaviruses","Influenza, virus respiratoires et coronavirus",IRVC,IVRVC,yes
072044,072040,Special Pathogens,Pathogènes spéciaux,SP,PS,yes
072050,072000,Innovation in Public Health Informatics,Innovation dans l'informatique de la santé publique,IPHI,IISP,no
072060,072000,Laboratory Infrastructure,Infrastructure de laboratoire,LI,IL,no
072061,072060,Containment Services,,CS,,no
072062,072060,Control Systems & HVAC,,CSHVAC,,no
072063,072060,Energy Centre,,EC,,no
072064,072060,Guelph Facility Management,,GFM,,no
072065,072060,JC Wilt Facility Management,,JCWFM,,no
072066,072060,Logistics & Material Services,,LMS,,no
072067,072060,Property Services,,PS,,no
072068,072060,Quality Systems,,QS,,no
072069,072060,Technical Services,,TS,,no
072070,072000,Laboratory Surveillance & Surge Capacity,Surveillance en laboratoire et capacité de mobilisation,LSS,SLCM,no
072080,072000,Public Health Risk Sciences,Science des resque pour la santé publique,PHRS,SRSP,yes
072081,072080,Population & Environmental Determinants,,PED,,yes
072082,072080,Risk Integration Synthesis of Knowledge,,RISK,,yes
072090,072000,Scientific Informatics Services,Services informatiques des sciences,SIS,SIS,no
072091,072090,Application Development & Database Administration,,ADDA,,no
072092,072090,Information Management Services,,IMS,,no
072093,072090,IT Security,,ITS,,no
072094,072090,Laboratory Information Systems,,LIS,,no
072095,072090,Science Infrastructure & Operations,,SIO,,no
073000,070000,Science Reference & Surveillance,References scientifiques et surveillance,SRS,RSS,yes
073010,073000,Enteric Diseases,Maladies entériques,ED,ME,yes
073011,073010,Innovation & Application Development,,IAD,,yes
073012,073010,Reference & Diagnostics Services,,RDS,,yes
073013,073010,"Surveillance, Outbreak Detection & Response",,SODR,,yes
073020,073000,One Health,Une santé,OH,US,yes
073021,073020,Antimicrobial Resistance & Nosocomial Infections,Résistance aux antimicrobiens et les infections nosocomiales,AMRNI,RAMIN,yes
073022,073020,"Arbovirus, Rabies, Rickettsia, & Related Zoonotic Diseases",,ARRRZD,,yes
073023,073020,Enteric Diseases,Maladies entériques,ED,ME,yes
073024,073020,Field Studies,,FS,,yes
073025,073020,Prion Diseases,Maladies à prion,PD,MP,yes
073026,073020,Sexually Transmitted & Bloodborne Infections,Infections transmissibles sexuellement et par le sang,STBBI,ITSS,yes
073027,073020,Viral Diseases,Maladies virales,VD,MV,yes
073028,073020,Wastewater,Eau résiduaire,WW,ER,yes
073030,073000,Science Technology Cores & Services,Technologie scientifique principale et services,STCS,TSPS,yes
073031,073030,Bioinformatics,,,,yes
073032,073030,Genomics,,,,yes
073033,073030,Mass Spectrometry & Proteomics Core,,MSPC,,yes
073034,073030,Media & Washup,,MW,,yes
073040,073000,Sexually Transmitted & Blood-Borne Infections,Infections transmissibles sexuellement et par la sang,STBBI,ITSS,yes
073041,073040,Bloodborne Pathogens & Hepatitis,,BPH,,yes
073042,073040,National Lab for HIV Immunology,,HIVI,,yes
073043,073040,National Lab for HIV Reference Services,,HIVRS,,yes
073044,073040,Viral Exanthemata & STDs,,VESTD,,yes
073050,073000,Viral Diseases Divison,Maladies virales,VDD,MV,yes
073051,073050,Diagnostic Microscopy & Imagining,,DMI,,yes
073052,073050,Enteroviruses & Enteric Viruses,,EEV,,yes
080000,000000,Office of Audit & Evaluation,Bureau de l'audit et de l'évaluation,OAE,BAE,no
081000,080000,Business Operations,,BO,,no
082000,080000,Director General's Office,,DGO,,no
083000,080000,Internal Audit,,IA,,no
083010,083000,Internal Audit & Special Examinations,,,,no
083020,083000,Performance Measurement Planning & Integaration,,,,no
083030,083000,Practice Management,,,,no
083040,083000,Program Evaluation & Internal Disclosure,,,,no
090000,000000,Office of International Affairs for the Health Portfolio,Bureau des affaires internationals du portefeuille de la santé,OIAHP,BAIPS,no
090010,090000,"Bilateral Engagement, Summits & Trade Division","Division de l'engagement bilatéral, sommets et commerce",,,no
090020,090000,Multilatetal Relations Division,Division des relations multilatérales,,,no
090030,090000,Official Delegations & Strategic Integration Division,Division des délégations officielles et de l'intégration stratégique,,,no
090040,090000,Washington Health Counsellor,Conseiller en santé de Washington,,,no
100000,000000,Office of the President & Chief Public Health Officer,Bureau du président et l'administrateur en chef de la santé publique,OPCPHO,,no
101000,100000,Office of the Chief of Staff,Bureau du chef du cabinet,OCS,,no
102000,100000,Office of the Chief Public Health Officer,Bureau de l'administratrice en chef de la santé publique,OCPHO,BACSP,yes
103000,100000,Office of the Chief Science Officer,Bureau du conseiller scientifique principal,OCSO,BCSP,yes
103010,103000,Canada Communicable Disease Report,Relevé des maladies transmissibles au Canada,CCDR,RMTC,yes
103020,103000,Science Excellence Division,,SED,DES,yes
103021,103020,Knowledge Mobilization & Integration Unit,Division de l'excellence scientifique,KMIU,,no
103022,103020,Library,,,,no
103030,103000,Science Innovation & Collaboration Division,Division de l'innovation en science et de la collaboration,SICD,DISC,no
110000,000000,Strategic Policy Branch,Direction générale de la politique stratégique,SPB,DGPS,no
111000,110000,Corporate Secretariat Directorate,Direction du secretariat corporatif,CSD,DSC,no
111010,111000,Cabinet Affairs,Affaires du cabinet,CSD,AC,no
111020,111000,Director General’s Office,Bureau du directeur/la directrice générale,DGO,BD,no
111030,111000,Governance & Executive Services Division,Division gouvernance et services exécutifs,GESD,DGSE,no
111040,111000,Parliamentary Affairs,Affaires parlementaires,PA,AP,no
112000,110000,Innovation & Partnerships Directorate,Direction Innovation et Partenariats,IPD,DIP,no
112010,112000,Director General’s Office,Bureau du directeur/la directrice générale,DGO,BD,no
112020,112000,Innovation & Knowledge Integration Division,Division innovation et intégration des connaissances,IKID,DIIC,no
112030,112000,Partnerships & Engagement Division,Pôle partenariats et engagement,PED,PPE,no
113000,110000,Intergovernmental & Health Equity Policy Directorate,Direction des politiques intergouvernementales et d’équité en matière de santé,IHEPD,DPIEMS,no
113010,113000,Director General’s Office,Bureau du directeur/la directrice générale,DGO,BD,no
113020,113000,Health Equity Policy Division,Division de la politique d’équité en matière de santé,HEPD,DPEMS,no
113030,113000,Intergovernmental Affairs & Indigenous Relations Division,Division des affaires intergouvernementales et des relations autochtones,IAIRD,DAIRA,no
114000,110000,Strategic Policy Directorate,Direction de la politique stratégique,SPD,DPS,no
114010,114000,Director General’s Office,Bureau du directeur/la directrice générale,DGO,BD,no
114020,114000,Policy Analysis Division,Division de l’analyse des politiques,PAD,DAP,no
114030,114000,Policy Research & Performance,Division de la recherche sur les politiques et de la performance,PRPD,DRPP,no
